first_name,name_length
Steven,6
Neena,5
Lex,3
Alexander,9
Bruce,5
David,5
Valli,5
Diana,5
Nancy,5
Daniel,6
John,4
Ismael,6
"Jose Manuel",11
Luis,4
Den,3
Alexander,9
Shelli,6
Sigal,5
Guy,3
Karen,5
Matthew,7
Adam,4
Payam,5
Shanta,6
Kevin,5
Julia,5
Irene,5
James,5
Steven,6
Laura,5
Mozhe,5
James,5
TJ,2
Jason,5
Michael,7
Ki,2
Hazel,5
Renske,6
Stephen,7
John,4
Joshua,6
Trenna,6
Curtis,6
Randall,7
Peter,5
John,4
Karen,5
Alberto,7
Gerald,6
Eleni,5
Peter,5
David,5
Peter,5
Christopher,11
Nanette,7
Oliver,6
Janette,7
Patrick,7
Allan,5
Lindsey,7
Louise,6
Sarath,6
Clara,5
Danielle,8
Mattea,6
David,5
Sundar,6
Amit,4
Lisa,4
Harrison,8
Tayler,6
William,7
Elizabeth,9
Sundita,7
Ellen,5
Alyssa,6
Jonathon,8
Jack,4
Kimberely,9
Charles,7
Winston,7
Jean,4
Martha,6
Girard,6
Nandita,7
Alexis,6
Julia,5
Anthony,7
Kelly,5
Jennifer,8
Timothy,7
Randall,7
Sarah,5
Britney,7
Samuel,6
Vance,5
Alana,5
Kevin,5
Donald,6
Douglas,7
Jennifer,8
Michael,7
Pat,3
Susan,5
Hermann,7
Shelley,7
William,7
